player,team,age,birth_year,passes_completed,passes,passes_pct,passes_total_distance,passes_progressive_distance,passes_completed_short,passes_short,passes_pct_short,passes_completed_medium,passes_medium,passes_pct_medium,passes_completed_long,passes_long,passes_pct_long,assists,xg_assist,pass_xa,xg_assist_net,assisted_shots,passes_into_final_third,passes_into_penalty_area,crosses_into_penalty_area,progressive_passes,shots,shots_on_target,shots_on_target_pct,shots_per90,shots_on_target_per90
Rodri,Spain,26-179,1996,642,689,93.2,12636,3349,172,180,95.6,416,435,95.6,50,68,73.5,0,0.2,0.2,-0.2,4,46,2,1,25,1,0,0,0.23,0
NicolÃ¡s Otamendi,Argentina,34-309,1988,532,577,92.2,8827,2912,236,250,94.4,266,284,93.7,25,35,71.4,1,0.2,0.2,0.8,2,20,0,0,22,1,0,0,0.13,0
Rodrigo De Paul,Argentina,28-208,1994,470,562,83.6,6959,1454,281,306,91.8,164,192,85.4,18,38,47.4,0,0.3,0.4,-0.3,7,35,7,1,18,7,3,42.9,1.05,0.45
Marcelo BrozoviÄ‡,Croatia,30-032,1992,466,530,87.9,7429,1726,253,279,90.7,151,167,90.4,48,54,88.9,0,0.2,0.2,-0.2,5,31,1,0,25,4,2,50,0.65,0.33
Luka ModriÄ‡,Croatia,37-100,1985,465,551,84.4,7825,2857,229,244,93.9,173,202,85.6,45,71,63.4,0,0.7,0.8,-0.7,6,51,10,3,61,6,4,66.7,0.83,0.55
JoÅ¡ko Gvardiol,Croatia,20-329,2002,464,519,89.4,8363,3112,195,204,95.6,224,244,91.8,39,58,67.2,0,0,0.3,0,1,26,1,0,17,2,1,50,0.26,0.13
John Stones,England,28-204,1994,435,454,95.8,8447,2913,152,156,97.4,231,235,98.3,48,58,82.8,0,0.1,0.1,-0.1,1,20,0,0,22,4,1,25,0.83,0.21
AurÃ©lien TchouamÃ©ni,France,22-325,2000,426,474,89.9,7467,1889,185,198,93.4,204,219,93.2,31,43,72.1,0,1,0.4,-1,6,48,3,0,37,6,2,33.3,0.87,0.29
Mateo KovaÄiÄ‡,Croatia,28-226,1994,415,460,90.2,6213,1384,236,250,94.4,144,156,92.3,21,31,67.7,0,1,1.2,-1,9,47,7,0,31,3,1,33.3,0.43,0.14
Aymeric Laporte,Spain,28-205,1994,413,438,94.3,7612,2489,120,122,98.4,272,281,96.8,17,28,60.7,0,0,0.1,0,1,26,2,0,14,1,0,0,0.3,0
Enzo FernÃ¡ndez,Argentina,21-335,2001,412,471,87.5,6634,1695,208,229,90.8,159,177,89.8,32,44,72.7,1,0.9,0.8,0.1,6,43,9,1,24,8,3,37.5,1.28,0.48
Dejan Lovren,Croatia,33-166,1989,405,460,88,7863,2519,137,150,91.3,219,235,93.2,44,65,67.7,1,0,0.1,1,1,14,1,1,16,4,0,0,0.6,0
Pedri,Spain,20-023,2002,393,434,90.6,7400,1439,160,168,95.2,175,185,94.6,52,58,89.7,0,0.8,0.9,-0.8,5,71,6,0,33,0,0,0,0,0
Harry Maguire,England,29-288,1993,354,407,87,7329,2340,99,109,90.8,212,224,94.6,43,68,63.2,1,0,0.1,1,1,23,1,0,19,6,1,16.7,1.26,0.21
Marquinhos,Brazil,28-218,1994,352,368,95.7,6124,1913,139,140,99.3,197,204,96.6,12,18,66.7,0,0.8,1.1,-0.8,4,36,3,1,18,2,0,0,0.42,0
Cristian Romero,Argentina,24-235,1998,337,375,89.9,5417,2109,175,187,93.6,137,150,91.3,21,30,70,0,0,0,0,0,12,0,0,11,0,0,0,0,0
Luke Shaw,England,27-159,1995,335,400,83.8,5392,1662,165,179,92.2,144,159,90.6,20,41,48.8,1,0.8,0.9,0.2,8,23,9,4,31,3,1,33.3,0.64,0.21
Jordi Alba,Spain,33-272,1989,328,372,88.2,5403,1384,160,174,92,144,157,91.7,20,28,71.4,2,0.9,0.7,1.1,5,33,7,2,23,2,0,0,0.68,0
Frenkie de Jong,Netherlands,25-220,1997,323,364,88.7,5030,1254,178,198,89.9,121,128,94.5,19,25,76,1,0.2,0.4,0.8,4,23,2,1,17,2,1,50,0.38,0.19
Thiago Silva,Brazil,38-087,1984,322,344,93.6,6145,2410,115,120,95.8,174,181,96.1,32,39,82.1,1,0.9,0.6,0.1,4,15,3,1,15,2,0,0,0.46,0
Josip JuranoviÄ‡,Croatia,27-124,1995,318,405,78.5,4928,1748,183,195,93.8,101,133,75.9,24,47,51.1,1,0.3,0.3,0.7,7,24,6,4,21,1,0,0,0.15,0
Nathan AkÃ©,Netherlands,27-303,1995,315,349,90.3,5204,1703,154,165,93.3,138,144,95.8,20,33,60.6,0,0,0.1,0,0,29,1,0,19,0,0,0,0,0
Dayot Upamecano,France,24-052,1998,314,351,89.5,6831,2194,83,88,94.3,172,179,96.1,55,74,74.3,0,0.1,0.1,-0.1,2,28,0,0,19,1,0,0,0.19,0
Achraf Hakimi,Morocco,24-044,1998,312,382,81.7,4121,1792,207,232,89.2,63,80,78.8,19,32,59.4,1,0.5,0.6,0.5,6,14,6,5,10,4,1,25,0.57,0.14
Virgil van Dijk,Netherlands,31-163,1991,311,356,87.4,6371,2470,94,102,92.2,179,194,92.3,38,57,66.7,0,0.1,0.1,-0.1,2,7,1,0,15,3,0,0,0.56,0
Lionel Messi,Argentina,35-177,1987,301,372,80.9,4538,1554,171,183,93.4,93,110,84.5,27,47,57.4,3,2.5,2,0.5,21,38,18,0,49,27,13,48.1,3.52,1.7
Declan Rice,England,23-338,1999,300,322,93.2,5456,1141,124,125,99.2,143,155,92.3,29,34,85.3,0,0,0.1,0,1,18,2,0,14,0,0,0,0,0
Nahuel Molina,Argentina,24-256,1998,291,358,81.3,3905,1347,188,221,85.1,77,94,81.9,16,23,69.6,1,0.3,0.3,0.7,3,17,3,1,11,2,1,50,0.32,0.16
Theo HernÃ¡ndez,France,25-073,1997,289,339,85.3,4672,1347,156,169,92.3,105,119,88.2,25,39,64.1,2,1.2,1,0.8,11,23,7,5,16,5,2,40,0.89,0.35
JurriÃ«n Timber,Netherlands,21-184,2001,283,313,90.4,4444,1337,144,151,95.4,116,126,92.1,18,29,62.1,0,0,0.1,0,0,32,0,0,15,0,0,0,0,0
Sofyan Amrabat,Morocco,26-119,1996,269,322,83.5,4620,1365,114,129,88.4,123,136,90.4,24,36,66.7,0,0.1,0.1,-0.1,2,10,1,0,16,1,0,0,0.14,0
Sergio Busquets,Spain,34-155,1988,261,289,90.3,4222,1044,124,136,91.2,111,118,94.1,16,20,80,0,0.1,0.2,-0.1,3,31,3,0,17,2,0,0,0.5,0
Antoine Griezmann,France,31-272,1991,258,329,78.4,4905,1377,123,135,91.1,89,112,79.5,42,66,63.6,3,3.1,3.6,-0.1,21,26,10,5,19,6,2,33.3,1.01,0.34
RaphaÃ«l Varane,France,29-237,1993,256,286,89.5,5127,1468,78,85,91.8,155,162,95.7,23,38,60.5,0,0,0,0,0,20,0,0,5,3,0,0,0.52,0
Bernardo Silva,Portugal,28-130,1994,256,292,87.7,4147,777,143,153,93.5,87,92,94.6,20,30,66.7,0,0.4,0.3,-0.4,5,16,1,0,12,1,0,0,0.25,0
Jules KoundÃ©,France,24-036,1998,252,311,81,4123,1291,128,137,93.4,99,122,81.1,21,28,75,0,0.1,0.1,-0.1,1,25,0,0,6,4,1,25,0.75,0.19
Daley Blind,Netherlands,32-284,1990,252,300,84,4293,1503,132,153,86.3,91,102,89.2,26,40,65,1,0.5,0.4,0.5,2,25,4,2,21,5,2,40,1.06,0.43
Ã‰der MilitÃ£o,Brazil,24-334,1998,251,277,90.6,4346,1514,112,115,97.4,111,122,91,21,31,67.7,0,0,0.1,0,1,20,1,1,12,5,1,20,1.3,0.26
Toby Alderweireld,Belgium,33-291,1989,248,273,90.8,5259,1904,58,60,96.7,166,172,96.5,24,39,61.5,1,0.3,0.4,0.7,1,17,2,0,10,0,0,0,0,0
RÃºben Dias,Portugal,25-218,1997,248,274,90.5,4633,1508,85,89,95.5,138,145,95.2,22,35,62.9,0,0,0,0,0,13,0,0,11,1,0,0,0.25,0
Tim Ream,United States,35-074,1987,245,276,88.8,5012,1646,66,70,94.3,153,163,93.9,25,37,67.6,0,0,0,0,0,18,0,0,17,1,0,0,0.25,0
Pepe,Portugal,39-295,1983,243,295,82.4,4602,1638,109,119,91.6,108,122,88.5,26,49,53.1,0,0,0,0,0,18,0,0,10,3,1,33.3,0.75,0.25
Tyler Adams,United States,23-307,1999,241,271,88.9,4348,1095,111,121,91.7,103,110,93.6,24,27,88.9,0,0.4,0.4,-0.4,2,23,3,0,17,1,0,0,0.25,0
Jan Vertonghen,Belgium,35-238,1987,238,269,88.5,4600,1560,67,72,93.1,158,167,94.6,13,25,52,0,0,0,0,0,6,0,0,8,2,0,0,0.67,0
Andreas Christensen,Denmark,26-252,1996,237,251,94.4,4457,1407,89,93,95.7,116,119,97.5,26,32,81.3,0,0,0,0,0,14,0,0,14,2,1,50,0.67,0.33
Adrien Rabiot,France,27-259,1995,237,284,83.5,3769,838,129,145,89,83,94,88.3,18,26,69.2,1,0.9,0.5,0.1,3,36,0,0,13,9,4,44.4,1.68,0.75
RÃºben Neves,Portugal,25-280,1997,235,257,91.4,4772,1089,84,84,100,112,118,94.9,37,46,80.4,0,0,0.1,0,2,23,2,0,13,2,0,0,0.67,0
Jude Bellingham,England,19-172,2003,235,265,88.7,3972,726,111,121,91.7,101,109,92.7,20,24,83.3,1,0.3,0.5,0.7,4,18,4,0,14,5,3,60,1.09,0.65
Alexis Mac Allister,Argentina,23-359,1998,234,265,88.3,3265,548,146,161,90.7,69,76,90.8,9,13,69.2,1,1,0.7,0,8,12,6,0,17,7,4,57.1,1.15,0.65
Niklas SÃ¼le,Germany,27-106,1995,231,255,90.6,3990,1348,105,113,92.9,99,108,91.7,21,25,84,0,0,0.1,0,0,26,0,0,18,1,0,0,0.33,0
Danilo,Brazil,31-156,1991,230,269,85.5,3615,986,120,128,93.8,100,115,87,7,21,33.3,0,0,0.2,0,0,21,2,1,16,2,0,0,0.64,0
Antonio RÃ¼diger,Germany,29-290,1993,229,252,90.9,4005,1341,84,89,94.4,132,138,95.7,10,19,52.6,0,0,0,0,0,14,0,0,17,6,1,16.7,2,0.33
Manuel Akanji,Switzerland,27-152,1995,229,259,88.4,4725,1829,71,78,91,124,134,92.5,32,42,76.2,0,0.1,0.1,-0.1,1,15,0,0,14,4,1,25,1,0.25
Joshua Kimmich,Germany,27-313,1995,226,267,84.6,4179,1228,104,110,94.5,87,94,92.6,29,50,58,0,1.1,1.5,-1.1,9,26,9,2,22,7,4,57.1,2.33,1.33
JoÃ£o Cancelo,Portugal,28-205,1994,221,271,81.5,3800,864,123,138,89.1,72,87,82.8,24,35,68.6,0,0,0.2,0,0,10,6,5,12,2,1,50,0.58,0.29
Borna Sosa,Croatia,24-331,1998,220,278,79.1,3068,1123,143,154,92.9,61,83,73.5,10,23,43.5,0,0.4,0.5,-0.4,2,11,3,2,9,2,0,0,0.42,0
Walker Zimmerman,United States,29-213,1993,217,244,88.9,4157,1373,72,78,92.3,127,132,96.2,17,29,58.6,0,0,0,0,0,6,0,0,3,1,0,0,0.32,0
Ibrahima KonatÃ©,France,23-207,1999,216,236,91.5,4342,1538,71,76,93.4,119,125,95.2,26,34,76.5,0,0.4,0.3,-0.4,2,22,1,0,15,2,1,50,0.61,0.31
Azzedine Ounahi,Morocco,22-243,2000,216,265,81.5,3026,786,134,150,89.3,63,74,85.1,13,20,65,0,0.5,0.4,-0.5,6,20,6,0,19,6,1,16.7,0.95,0.16
Granit Xhaka,Switzerland,30-082,1992,215,243,88.5,3990,1079,81,86,94.2,99,106,93.4,28,40,70,0,0.1,0.2,-0.1,2,21,3,0,25,6,3,50,1.5,0.75
Hakim Ziyech,Morocco,29-274,1993,211,306,69,3462,987,118,139,84.9,57,79,72.2,27,62,43.5,1,0.7,0.5,0.3,7,16,7,0,24,10,2,20,1.42,0.28
Casemiro,Brazil,30-298,1992,208,251,82.9,3591,1065,90,107,84.1,95,104,91.3,17,27,63,0,0.1,0.4,-0.1,4,23,3,1,22,9,3,33.3,2.08,0.69
Ivan PeriÅ¡iÄ‡,Croatia,33-319,1989,202,292,69.2,3127,666,118,141,83.7,58,91,63.7,17,36,47.2,3,0.9,0.6,2.1,9,11,9,3,15,16,4,25,2.15,0.54
Kim Moonhwan,Korea Republic,27-139,1995,201,242,83.1,3226,1077,109,117,93.2,73,93,78.5,14,19,73.7,0,0.6,0.3,-0.6,3,14,5,3,8,0,0,0,0,0
Pierre HÃ¸jbjerg,Denmark,27-135,1995,200,224,89.3,3784,1123,95,102,93.1,68,75,90.7,35,44,79.5,0,0,0.1,0,1,30,2,0,21,2,1,50,0.67,0.33
Joachim Andersen,Denmark,26-201,1996,198,250,79.2,4353,1456,50,65,76.9,115,125,92,29,51,56.9,1,0.2,0.1,0.8,1,30,1,0,16,4,1,25,1.33,0.33
Maya Yoshida,Japan,34-116,1988,198,232,85.3,3969,1370,64,69,92.8,108,114,94.7,25,45,55.6,1,0.4,0,0.6,1,3,0,0,6,0,0,0,0,0
Hwang In-beom,Korea Republic,26-089,1996,194,247,78.5,3456,1020,89,106,84,76,89,85.4,22,41,53.7,0,0.1,0.2,-0.1,3,33,5,1,21,6,1,16.7,1.62,0.27
Youssouf Sabaly,Senegal,29-288,1993,189,219,86.3,2773,1012,108,112,96.4,60,73,82.2,11,20,55,0,0.7,0.7,-0.7,8,16,6,1,16,2,1,50,0.5,0.25
Christian Eriksen,Denmark,30-307,1992,188,230,81.7,3621,1062,87,96,90.6,63,68,92.6,33,55,60,0,0.4,0.4,-0.4,9,20,1,1,16,4,1,25,1.33,0.33
Bruno Fernandes,Portugal,28-101,1994,188,233,80.7,3623,1060,101,109,92.7,49,56,87.5,34,54,63,3,1.7,1.2,1.3,9,17,9,2,23,7,2,28.6,1.77,0.51
Kamal Miller,Canada,25-216,1997,186,205,90.7,3184,1385,83,86,96.5,84,89,94.4,15,23,65.2,0,0,0,0,0,21,0,0,10,0,0,0,0,0
Kim Young-gwon,Korea Republic,32-294,1990,178,209,85.2,3954,1720,61,65,93.8,82,87,94.3,35,56,62.5,0,0.2,0.1,-0.2,3,17,4,1,18,2,1,50,0.51,0.26
Jung Woo-young,Korea Republic,33-004,1989,178,211,84.4,3599,1019,67,75,89.3,78,88,88.6,31,42,73.8,0,0.1,0.1,-0.1,2,25,2,0,14,1,0,0,0.3,0
Timothy Castagne,Belgium,27-013,1995,176,202,87.1,3309,951,65,68,95.6,92,107,86,18,21,85.7,0,0,0.1,0,0,15,0,0,9,0,0,0,0,0
Jakub Kiwior,Poland,22-306,2000,174,205,84.9,3687,1249,54,56,96.4,92,98,93.9,26,48,54.2,0,0,0,0,0,10,0,0,3,1,0,0,0.25,0
Antonee Robinson,United States,25-132,1997,173,241,71.8,2891,1043,88,102,86.3,69,96,71.9,13,26,50,0,0.3,0.2,-0.3,3,12,3,0,10,0,0,0,0,0
Kylian MbappÃ©,France,23-363,1998,173,229,75.5,2567,645,110,123,89.4,48,61,78.7,12,25,48,2,1.3,1.3,0.7,11,16,8,2,16,29,11,37.9,4.36,1.66
SergiÃ±o Dest,United States,22-045,2000,172,200,86,2635,848,101,105,96.2,60,67,89.6,8,15,53.3,1,0.5,0.5,0.5,3,15,2,1,13,6,0,0,1.77,0
Aaron Mooy,Australia,32-094,1990,170,217,78.3,2819,951,78,90,86.7,59,73,80.8,18,31,58.1,0,0.1,0.1,-0.1,1,22,1,0,14,1,0,0,0.25,0
Axel Witsel,Belgium,33-340,1989,169,177,95.5,2851,651,74,76,97.4,88,92,95.7,6,7,85.7,0,0,0.1,0,1,9,1,0,8,1,0,0,0.33,0
Boualem Khoukhi,Qatar,32-162,1990,169,197,85.8,3293,1402,59,66,89.4,82,91,90.1,25,35,71.4,0,0,0.2,0,0,2,0,0,4,0,0,0,0,0
Lucas PaquetÃ¡,Brazil,25-113,1997,169,202,83.7,2578,622,81,93,87.1,69,77,89.6,10,15,66.7,1,1.5,0.6,-0.5,6,16,9,1,15,4,4,100,1.15,1.15
Piero HincapiÃ©,Ecuador,20-343,2002,168,200,84,3418,947,52,55,94.5,97,107,90.7,19,34,55.9,0,0,0,0,0,10,1,0,8,0,0,0,0,0
FÃ©lix Torres Caicedo,Ecuador,25-341,1997,168,208,80.8,3340,1317,51,58,87.9,94,103,91.3,23,42,54.8,1,0.4,0,0.6,1,3,0,0,2,1,0,0,0.33,0
Kim Min-jae,Korea Republic,26-033,1996,167,191,87.4,3337,1234,60,65,92.3,85,90,94.4,20,29,69,0,0,0.1,0,0,19,1,0,10,2,0,0,0.67,0
Marcos AcuÃ±a,Argentina,31-051,1991,167,217,77,2697,685,96,112,85.7,61,74,82.4,9,21,42.9,0,0.3,0.4,-0.3,5,9,2,0,9,2,0,0,0.48,0
Kye Rowles,Australia,24-177,1998,165,187,88.2,3062,1025,49,52,94.2,96,105,91.4,14,18,77.8,0,0,0,0,0,2,0,0,1,0,0,0,0,0
HÃ©ctor Moreno,Mexico,34-335,1988,165,195,84.6,2986,1087,68,76,89.5,80,92,87,16,25,64,0,0,0,0,1,20,0,0,13,1,0,0,0.33,0
Ricardo RodrÃ­guez,Switzerland,30-115,1992,164,229,71.6,2840,949,78,90,86.7,66,91,72.5,18,35,51.4,0,0.2,0.3,-0.2,2,18,2,0,10,0,0,0,0,0
Kyle Walker,England,32-204,1990,162,181,89.5,3151,837,65,68,95.6,76,83,91.6,20,28,71.4,0,0,0.1,0,0,11,2,0,12,0,0,0,0,0
Dani Olmo,Spain,24-225,1998,162,198,81.8,2245,319,100,108,92.6,52,62,83.9,4,12,33.3,1,0.5,0.4,0.5,5,6,8,1,9,12,6,50,2.94,1.47
Steven VitÃ³ria,Canada,35-341,1987,160,186,86,2837,1119,77,83,92.8,66,70,94.3,16,30,53.3,0,0,0,0,0,8,0,0,8,0,0,0,0,0
CÃ©sar Montes,Mexico,25-297,1997,159,197,80.7,3324,957,42,48,87.5,96,107,89.7,20,36,55.6,1,0.5,0.5,0.5,1,10,0,0,8,1,0,0,0.33,0
Romain SaÃ¯ss,Morocco,32-267,1990,159,199,79.9,3400,1479,44,47,93.6,89,102,87.3,24,46,52.2,0,0,0,0,0,8,1,0,7,1,1,100,0.19,0.19
Federico Valverde,Uruguay,24-149,1998,159,189,84.1,2866,875,68,73,93.2,63,73,86.3,23,34,67.6,0,0.4,0.4,-0.4,4,21,3,1,17,7,1,14.3,2.33,0.33
Kalidou Koulibaly,Senegal,31-181,1991,156,205,76.1,3196,1327,49,52,94.2,80,88,90.9,23,55,41.8,0,0,0,0,1,12,0,0,9,2,1,50,0.5,0.25
RaphaÃ«l Guerreiro,Portugal,28-361,1993,156,185,84.3,2301,856,87,95,91.6,56,68,82.4,8,14,57.1,2,0.6,0.7,1.4,6,9,4,2,14,3,1,33.3,0.97,0.32
Wataru Endo,Japan,29-312,1993,155,192,80.7,2423,599,80,86,93,64,77,83.1,7,16,43.8,0,0.5,0.4,-0.5,4,12,2,1,9,6,1,16.7,1.78,0.3
David Raum,Germany,24-240,1998,153,195,78.5,2344,741,85,89,95.5,41,55,74.5,15,32,46.9,1,0.6,0.3,0.4,7,9,6,3,13,0,0,0,0,0
Andrej KramariÄ‡,Croatia,31-182,1991,153,176,86.9,2049,233,104,111,93.7,35,38,92.1,7,12,58.3,0,0.2,0.3,-0.2,4,0,3,1,4,10,4,40,1.9,0.76
Joe Rodon,Wales,25-057,1997,152,169,89.9,3064,1019,40,42,95.2,93,101,92.1,19,26,73.1,0,0,0,0,0,1,0,0,1,0,0,0,0,0
Aziz Behich,Australia,32-002,1990,152,203,74.9,2271,527,81,91,89,58,70,82.9,6,27,22.2,0,0,0,0,0,6,2,0,4,2,0,0,0.5,0
Yunus Musah,United States,20-019,2002,151,182,83,2438,494,74,81,91.4,65,75,86.7,9,13,69.2,0,0.1,0.2,-0.1,3,10,5,0,13,4,1,25,1.05,0.26
Ä°lkay GÃ¼ndoÄŸan,Germany,32-055,1990,150,168,89.3,2431,659,78,86,90.7,56,57,98.2,11,15,73.3,0,0.1,0.3,-0.1,1,18,4,0,15,5,2,40,2.38,0.95
Denzel Dumfries,Netherlands,26-244,1996,149,217,68.7,2270,742,83,101,82.2,59,82,72,5,22,22.7,2,0.3,0.4,1.7,2,7,6,0,15,1,1,100,0.19,0.19
Pervis EstupiÃ±Ã¡n,Ecuador,24-331,1998,148,190,77.9,2524,886,74,78,94.9,52,67,77.6,18,33,54.5,0,0.3,0.4,-0.3,5,8,4,3,10,1,1,100,0.33,0.33
Alistair Johnston,Canada,24-071,1998,147,186,79,2408,998,77,86,89.5,55,67,82.1,12,25,48,0,0.2,0.1,-0.2,3,9,3,1,10,2,1,50,0.67,0.33
Jawad El Yamiq,Morocco,30-292,1992,146,164,89,2260,940,79,87,90.8,61,64,95.3,6,12,50,0,0,0,0,0,2,0,0,2,2,1,50,0.58,0.29
Thomas Partey,Ghana,29-188,1993,146,176,83,2483,822,67,76,88.2,58,65,89.2,16,25,64,0,0.1,0.2,-0.1,2,18,2,0,14,2,0,0,0.67,0
NicolÃ¡s Tagliafico,Argentina,30-109,1992,145,178,81.5,1992,509,98,109,89.9,40,47,85.1,5,12,41.7,0,0.2,0.2,-0.2,2,7,1,0,5,3,1,33.3,0.72,0.24
Ousmane DembÃ©lÃ©,France,25-217,1997,144,191,75.4,2330,475,76,89,85.4,51,63,81,12,25,48,2,1.6,1,0.4,11,7,13,6,10,8,2,25,1.66,0.42
SaÅ¡a LukiÄ‡,Serbia,26-127,1996,143,162,88.3,2488,505,60,67,89.6,70,76,92.1,10,13,76.9,0,0,0.1,0,0,12,1,1,5,1,0,0,0.37,0
Chris Mepham,Wales,25-043,1997,141,172,82,2686,890,44,47,93.6,85,98,86.7,10,22,45.5,0,0.2,0.2,-0.2,2,7,2,0,9,0,0,0,0,0
JosÃ© MarÃ­a GimÃ©nez,Uruguay,27-332,1995,141,174,81,2792,1084,50,59,84.7,71,81,87.7,17,29,58.6,0,0,0.3,0,0,11,2,0,10,3,0,0,1,0
Nampalys Mendy,Senegal,30-178,1992,141,159,88.7,2662,472,58,64,90.6,55,58,94.8,21,27,77.8,0,0,0.1,0,1,13,2,1,6,2,0,0,0.66,0
Nikola MilenkoviÄ‡,Serbia,25-067,1997,141,163,86.5,2363,823,69,73,94.5,55,62,88.7,16,23,69.6,0,0,0,0,0,10,0,0,6,3,0,0,1,0
Yassine Meriah,Tunisia,29-169,1993,139,171,81.3,2818,1041,36,41,87.8,91,100,91,12,29,41.4,0,0,0,0,1,11,0,0,11,1,0,0,0.33,0
Abdou Diallo,Senegal,26-228,1996,139,186,74.7,2852,1121,42,51,82.4,71,79,89.9,22,47,46.8,0,0.1,0,-0.1,1,10,1,1,8,1,0,0,0.27,0
Akram Afif,Qatar,26-030,1996,139,165,84.2,2502,645,45,50,90,60,66,90.9,21,28,75,0,0.3,0.3,-0.3,5,10,4,1,7,2,0,0,0.67,0
Harry Souttar,Australia,24-057,1998,138,167,82.6,2588,1257,54,56,96.4,64,69,92.8,14,35,40,0,0,0.1,0,1,9,0,0,5,1,0,0,0.25,0
Nayef Aguerd,Morocco,26-263,1996,137,158,86.7,2659,996,53,57,93,64,68,94.1,20,31,64.5,0,0,0,0,1,3,0,0,3,1,0,0,0.25,0
Rasmus Nissen,Denmark,25-160,1997,137,179,76.5,1979,746,73,82,89,58,76,76.3,3,10,30,0,0,0.1,0,1,13,2,0,19,0,0,0,0,0
Jordan Henderson,England,32-184,1990,137,163,84,2244,493,75,81,92.6,52,61,85.2,8,15,53.3,0,0.3,1.4,-0.3,4,11,3,0,13,2,1,50,0.66,0.33
Rodrigo Bentancur,Uruguay,25-176,1997,136,160,85,2417,762,62,70,88.6,56,66,84.8,14,17,82.4,0,0.1,0.1,-0.1,2,16,1,1,11,3,1,33.3,1.27,0.42
Lisandro MartÃ­nez,Argentina,24-334,1998,133,156,85.3,2311,821,63,70,90,57,64,89.1,13,21,61.9,0,0.7,0,-0.7,1,11,1,0,6,1,0,0,0.3,0
Gavi,Spain,18-135,2004,133,154,86.4,1966,174,77,81,95.1,46,49,93.9,6,11,54.5,0,0.1,0.2,-0.1,1,6,2,1,4,1,1,100,0.32,0.32
Nico Elvedi,Switzerland,26-079,1996,131,142,92.3,2283,673,56,60,93.3,68,70,97.1,6,8,75,0,0,0,0,0,2,0,0,6,1,0,0,0.5,0
Salis Abdul Samed,Ghana,22-267,2000,129,145,89,2046,466,70,70,100,49,54,90.7,9,15,60,0,0,0.1,0,1,11,0,0,2,1,0,0,0.36,0
Hidemasa Morita,Japan,27-222,1995,129,157,82.2,2180,695,68,79,86.1,47,58,81,12,16,75,0,0.1,0.1,-0.1,2,14,2,1,11,3,1,33.3,0.95,0.32
Daniel Amartey,Ghana,27-362,1994,128,141,90.8,2555,1088,47,48,97.9,57,62,91.9,22,26,84.6,0,0.1,0,-0.1,3,10,0,0,8,1,0,0,0.36,0
Jhegson MÃ©ndez,Ecuador,25-236,1997,128,140,91.4,2200,625,60,63,95.2,55,56,98.2,11,15,73.3,0,0.1,0.1,-0.1,2,6,0,0,6,0,0,0,0,0
Silvan Widmer,Switzerland,29-288,1993,127,169,75.1,2070,814,62,70,88.6,53,70,75.7,10,20,50,1,0.8,0.9,0.2,2,12,3,2,10,1,0,0,0.34,0
Remo Freuler,Switzerland,30-247,1992,127,154,82.5,1914,451,68,77,88.3,51,57,89.5,5,11,45.5,0,0,0.1,0,0,11,1,0,11,3,1,33.3,0.84,0.28
MoisÃ©s Caicedo,Ecuador,21-046,2001,126,153,82.4,1613,417,83,95,87.4,36,43,83.7,1,5,20,0,0,0,0,0,12,1,0,7,3,1,33.3,1,0.33
Piotr ZieliÅ„ski,Poland,28-212,1994,124,153,81,2125,676,54,59,91.5,52,60,86.7,11,24,45.8,0,0.4,0.4,-0.4,7,14,1,1,8,3,2,66.7,0.82,0.55
Matty Cash,Poland,25-133,1997,123,160,76.9,1995,696,65,71,91.5,51,64,79.7,6,17,35.3,0,0.2,0.5,-0.2,2,12,2,2,8,1,0,0,0.25,0
Ben Davies,Wales,29-238,1993,122,161,75.8,2585,1096,42,50,84,56,67,83.6,22,34,64.7,0,0,0,0,0,10,0,0,12,3,2,66.7,1.13,0.76
Abdelkarim Hassan,Qatar,29-112,1993,122,161,75.8,2462,813,57,63,90.5,44,51,86.3,20,37,54.1,0,0,0.1,0,1,13,1,0,8,6,0,0,2,0
Bartosz BereszyÅ„ski,Poland,30-159,1992,122,156,78.2,1828,659,64,73,87.7,44,53,83,8,17,47.1,0,0,0.1,0,0,2,3,0,5,0,0,0,0,0
Strahinja PavloviÄ‡,Serbia,21-208,2001,121,156,77.6,1987,944,55,66,83.3,54,66,81.8,8,17,47.1,0,0,0.1,0,0,15,0,0,13,2,1,50,0.77,0.38
Neymar,Brazil,30-316,1992,121,153,79.1,1795,627,62,76,81.6,45,53,84.9,7,13,53.8,0,0.8,0.5,-0.8,6,16,4,0,14,11,6,54.5,3.55,1.94
Leander Dendoncker,Belgium,27-247,1995,119,122,97.5,2213,533,40,40,100,72,74,97.3,7,7,100,0,0.4,0.3,-0.4,1,6,0,0,10,1,0,0,0.56,0
Mohamed Kanno,Saudi Arabia,28-087,1994,119,147,81,1814,535,61,72,84.7,40,45,88.9,9,15,60,0,0,0.1,0,0,15,2,0,11,6,1,16.7,2,0.33
Joakim MÃ¦hle,Denmark,25-212,1997,119,146,81.5,1631,428,76,82,92.7,35,41,85.4,4,12,33.3,0,0,0.1,0,1,6,3,0,7,2,0,0,0.72,0
Kamil Glik,Poland,34-318,1988,118,130,90.8,2363,657,29,29,100,76,81,93.8,12,19,63.2,0,0,0,0,0,2,0,0,1,3,0,0,0.75,0
Montassar Talbi,Tunisia,24-206,1998,118,137,86.1,2488,843,29,35,82.9,76,82,92.7,12,18,66.7,0,0,0,0,0,11,2,0,11,1,1,100,0.33,0.33
Weston McKennie,United States,24-112,1998,117,153,76.5,2166,770,52,63,82.5,48,57,84.2,13,21,61.9,0,0.4,0.2,-0.4,4,16,5,1,17,5,1,20,1.66,0.33
Andre-Frank Zambo Anguissa,Cameroon,27-032,1995,113,130,86.9,1720,560,63,67,94,45,51,88.2,3,5,60,1,0,0.1,1,0,14,1,0,8,1,1,100,0.35,0.35
Diogo Dalot,Portugal,23-275,1999,112,147,76.2,2152,522,52,60,86.7,40,50,80,17,29,58.6,2,0.7,0.4,1.3,4,7,4,1,7,1,1,100,0.35,0.35
Raphinha,Brazil,26-004,1996,111,150,74,1916,435,53,59,89.8,43,59,72.9,12,22,54.5,1,1.3,0.9,-0.3,8,5,5,1,11,8,6,75,2.29,1.71
Thomas Meunier,Belgium,31-097,1991,110,147,74.8,2169,632,37,44,84.1,58,70,82.9,15,28,53.6,0,0.5,0,-0.5,3,8,2,0,9,3,1,33.3,1.28,0.43
Ellyes Skhiri,Tunisia,27-222,1995,109,127,85.8,1976,841,44,46,95.7,52,59,88.1,12,19,63.2,0,0.1,0.1,-0.1,3,14,2,0,13,2,0,0,0.67,0
Mohammed Salisu,Ghana,23-245,1999,109,151,72.2,1864,846,51,57,89.5,49,60,81.7,8,31,25.8,0,0.2,0.3,-0.2,2,8,1,0,8,2,1,50,0.67,0.33
Ethan Ampadu,Wales,22-095,2000,108,144,75,2056,679,42,53,79.2,51,59,86.4,14,22,63.6,0,0.1,0.1,-0.1,2,16,1,0,14,1,0,0,0.35,0
Ismail Jakobs,Senegal,23-123,1999,107,156,68.6,1695,708,54,63,85.7,46,62,74.2,6,26,23.1,1,0.3,0.5,0.7,5,8,4,3,6,1,0,0,0.32,0
Idrissa Gana Gueye,Senegal,33-083,1989,107,133,80.5,1524,274,58,63,92.1,38,42,90.5,5,16,31.3,0,0.1,0.2,-0.1,1,7,0,0,4,4,1,25,1.33,0.33
Kim Jin-su,Korea Republic,30-188,1992,105,146,71.9,1901,672,47,51,92.2,44,62,71,11,25,44,1,0.6,0.6,0.4,5,5,4,3,7,4,0,0,1.14,0
Joel Campbell,Costa Rica,30-175,1992,104,138,75.4,1748,363,52,61,85.2,39,44,88.6,9,19,47.4,0,0.1,0.1,-0.1,1,3,4,1,10,1,0,0,0.33,0
MathÃ­as Olivera,Uruguay,25-048,1997,104,133,78.2,1495,574,69,78,88.5,24,34,70.6,6,9,66.7,0,0.4,0.5,-0.4,5,7,4,2,7,2,0,0,0.71,0
Jackson Irvine,Australia,29-286,1993,103,128,80.5,1569,426,56,63,88.9,42,48,87.5,2,5,40,0,0,0.1,0,1,2,3,0,11,3,0,0,0.76,0
Atiba Hutchinson,Canada,39-313,1983,100,112,89.3,1399,519,57,63,90.5,34,35,97.1,3,4,75,0,0,0,0,0,12,0,0,13,2,0,0,1.13,0
AÃ¯ssa LaÃ¯douni,Tunisia,26-005,1996,99,123,80.5,1677,476,50,60,83.3,42,48,87.5,7,12,58.3,1,0.4,0.2,0.6,4,16,0,0,8,2,0,0,0.74,0
Collins Fai,Cameroon,30-127,1992,99,146,67.8,1688,811,53,62,85.5,34,48,70.8,9,29,31,0,0,0.2,0,2,14,1,1,6,1,0,0,0.33,0
Luis ChÃ¡vez,Mexico,26-337,1996,99,139,71.2,2026,724,45,57,78.9,34,46,73.9,18,32,56.3,0,0.5,0.8,-0.5,4,21,2,2,11,10,4,40,3.33,1.33
Sofiane Boufal,Morocco,29-092,1993,99,133,74.4,1645,469,58,71,81.7,25,36,69.4,12,17,70.6,0,0.3,0.5,-0.3,4,10,6,2,14,7,1,14.3,1.33,0.19
MiloÅ¡ VeljkoviÄ‡,Serbia,27-083,1995,98,112,87.5,2106,647,18,20,90,68,70,97.1,11,17,64.7,0,0,0,0,0,1,0,0,3,0,0,0,0,0
Ko Itakura,Japan,25-325,1997,98,111,88.3,1860,494,32,35,91.4,55,59,93.2,11,15,73.3,1,0.1,0,0.9,1,7,0,0,1,3,1,33.3,1,0.33
Yahya Attiat Allah,Morocco,27-291,1995,98,137,71.5,1593,728,46,54,85.2,41,56,73.2,9,18,50,1,1.2,0.3,-0.2,5,4,4,4,4,2,0,0,0.57,0
Celso Borges,Costa Rica,34-205,1988,98,120,81.7,1587,676,48,56,85.7,38,45,84.4,7,11,63.6,0,0,0,0,1,11,0,0,8,0,0,0,0,0
Noussair Mazraoui,Morocco,25-034,1997,98,121,81,1540,571,53,57,93,36,43,83.7,7,16,43.8,0,0,0.1,0,1,2,1,1,3,4,2,50,0.99,0.49
Karim Boudiaf,Qatar,32-093,1990,94,106,88.7,1555,406,43,49,87.8,37,42,88.1,10,11,90.9,0,0,0,0,0,9,0,0,5,0,0,0,0,0
Ãngelo Preciado,Ecuador,24-303,1998,94,129,72.9,1463,532,57,62,91.9,27,40,67.5,8,20,40,1,0.4,0.2,0.6,4,4,6,5,6,4,0,0,1.36,0
Kevin De Bruyne,Belgium,31-173,1991,93,136,68.4,1807,747,38,45,84.4,40,54,74.1,15,27,55.6,0,0.9,0.8,-0.9,8,17,9,2,21,7,2,28.6,2.33,0.67
JesÃºs Gallardo,Mexico,28-125,1994,93,134,69.4,1518,416,52,64,81.3,34,45,75.6,6,17,35.3,0,0,0.1,0,1,9,2,1,4,1,0,0,0.33,0
Grzegorz Krychowiak,Poland,32-323,1990,93,127,73.2,1385,575,58,65,89.2,22,31,71,8,20,40,0,0.2,0.1,-0.2,3,8,1,0,7,1,0,0,0.27,0
Memphis,Netherlands,28-308,1994,93,123,75.6,1277,233,58,68,85.3,21,30,70,7,10,70,0,0.5,0.4,-0.5,3,6,2,0,4,10,5,50,3.03,1.52
Cody Gakpo,Netherlands,23-225,1999,93,148,62.8,1261,499,56,67,83.6,20,35,57.1,7,29,24.1,0,0.6,0.7,-0.6,10,7,4,2,9,5,3,60,1,0.6
JuliÃ¡n Ãlvarez,Argentina,22-321,2000,93,121,76.9,1159,132,62,73,84.9,17,24,70.8,5,6,83.3,0,0.1,0.7,-0.1,2,2,2,1,3,11,8,72.7,2.13,1.55
Morteza Pouraliganji,IR Iran,30-243,1992,92,128,71.9,1965,685,18,26,69.2,60,71,84.5,13,27,48.1,0,0.2,0.2,-0.2,2,6,1,0,7,2,0,0,0.67,0
Connor Roberts,Wales,27-086,1995,92,118,78,1928,686,25,31,80.6,52,62,83.9,15,21,71.4,0,0.4,0.2,-0.4,1,3,2,1,7,0,0,0,0,0
JoÃ£o FÃ©lix,Portugal,23-038,1999,91,122,74.6,1335,254,55,69,79.7,30,37,81.1,5,9,55.6,2,0.4,0.2,1.6,3,7,3,0,7,11,3,27.3,2.99,0.82
DuÅ¡an TadiÄ‡,Serbia,34-028,1988,90,127,70.9,1402,501,50,59,84.7,31,40,77.5,6,17,35.3,2,0.7,1.1,1.3,10,8,9,2,14,1,0,0,0.35,0
Phil Foden,England,22-204,2000,90,117,76.9,1444,292,57,67,85.1,23,27,85.2,7,16,43.8,2,0.6,0.4,1.4,6,3,1,0,5,6,1,16.7,2.09,0.35
Timothy Weah,United States,22-299,2000,90,108,83.3,1291,206,58,67,86.6,21,23,91.3,7,10,70,0,0.4,0.2,-0.4,6,6,2,2,4,5,3,60,1.42,0.85
Marco Asensio,Spain,26-331,1996,89,119,74.8,1262,150,50,59,84.7,26,35,74.3,5,8,62.5,0,0.1,0.1,-0.1,2,4,3,0,5,10,2,20,3.93,0.79
Saud Abdulhamid,Saudi Arabia,23-153,1999,88,122,72.1,1395,541,40,46,87,38,54,70.4,6,11,54.5,0,0,0.1,0,2,9,4,1,11,1,0,0,0.33,0
Aaron Ramsey,Wales,31-357,1990,88,112,78.6,1796,339,37,41,90.2,27,35,77.1,18,23,78.3,0,0,0.1,0,1,7,1,0,5,1,0,0,0.34,0
Diego GodÃ­n,Uruguay,36-305,1986,87,103,84.5,1827,515,26,32,81.3,47,54,87,13,16,81.3,0,0,0,0,0,7,0,0,3,1,0,0,0.6,0
Sergej MilinkoviÄ‡-SaviÄ‡,Serbia,27-294,1995,87,120,72.5,1467,405,44,55,80,33,41,80.5,8,16,50,0,0,0.2,0,0,9,2,0,10,3,1,33.3,1.16,0.39
Francisco Calvo,Costa Rica,30-163,1992,86,104,82.7,1562,601,34,37,91.9,43,49,87.8,8,17,47.1,0,0,0,0,0,4,0,0,5,1,0,0,0.5,0
Majid Hosseini,IR Iran,26-181,1996,86,106,81.1,1791,524,28,33,84.8,42,47,89.4,14,21,66.7,0,0,0,0,0,3,0,0,3,0,0,0,0,0
Krystian Bielik,Poland,24-348,1998,86,99,86.9,1621,440,35,38,92.1,37,38,97.4,12,17,70.6,0,0,0.1,0,0,5,1,0,5,2,0,0,0.83,0
Edson Ãlvarez,Mexico,25-055,1997,86,114,75.4,1297,375,48,55,87.3,32,42,76.2,4,13,30.8,0,0.2,0.4,-0.2,1,3,1,0,2,1,1,100,0.51,0.51
Salem Al-Dawsari,Saudi Arabia,31-121,1991,86,111,77.5,1344,355,44,52,84.6,25,29,86.2,9,14,64.3,0,0.2,0.4,-0.2,6,11,6,0,11,6,4,66.7,2,1.33
Serge Gnabry,Germany,27-157,1995,86,118,72.9,1060,281,56,72,77.8,21,25,84,3,3,100,1,1.5,0.7,-0.5,6,1,4,3,3,12,4,33.3,4.11,1.37
Jamal Musiala,Germany,19-295,2003,85,105,81,1130,288,49,58,84.5,27,31,87.1,3,3,100,1,0.9,0.8,0.1,8,2,7,1,9,12,3,25,4.19,1.05
Djibril Sow,Switzerland,25-315,1997,84,97,86.6,1395,282,36,42,85.7,40,42,95.2,7,8,87.5,1,0.2,0.2,0.8,3,5,4,0,9,2,0,0,0.68,0
Lee Jae-sung,Korea Republic,30-130,1992,84,97,86.6,1285,170,41,49,83.7,35,37,94.6,6,7,85.7,0,0,0.1,0,2,4,0,0,0,1,0,0,0.43,0
Bukayo Saka,England,21-104,2001,84,108,77.8,1281,279,46,59,78,31,35,88.6,4,6,66.7,0,0.7,0.6,-0.7,5,3,7,2,8,7,5,71.4,2.19,1.56
Nouhou Tolo,Cameroon,25-178,1997,83,109,76.1,1368,510,44,47,93.6,33,44,75,6,14,42.9,0,0,0,0,0,5,1,1,6,0,0,0,0,0
Christian Pulisic,United States,24-091,1998,83,141,58.9,1442,404,39,49,79.6,32,47,68.1,9,32,28.1,2,0.9,1.1,1.1,9,9,4,1,15,9,5,55.6,2.57,1.43
Daichi Kamada,Japan,26-135,1996,83,104,79.8,1464,313,45,51,88.2,28,34,82.4,9,14,64.3,0,0,0.2,0,1,13,2,0,6,6,1,16.7,1.68,0.28
Alphonso Davies,Canada,22-046,2000,82,114,71.9,1212,231,46,53,86.8,32,39,82.1,2,9,22.2,0,0.5,0.2,-0.5,6,2,1,0,2,3,1,33.3,1,0.33
Ruben Vargas,Switzerland,24-135,1998,80,117,68.4,1111,305,50,57,87.7,25,40,62.5,3,9,33.3,1,0.6,0.7,0.4,5,4,1,0,5,3,1,33.3,0.95,0.32
Nicolas Nkoulou,Cameroon,32-266,1990,79,91,86.8,1510,572,30,31,96.8,39,43,90.7,9,15,60,1,0,0,1,0,1,0,0,1,3,1,33.3,1.5,0.5
Ali Al-Bulaihi,Saudi Arabia,33-027,1989,78,97,80.4,1353,379,31,36,86.1,39,45,86.7,6,13,46.2,0,0,0,0,0,2,0,0,5,0,0,0,0,0
Yeltsin Tejeda,Costa Rica,30-276,1992,78,99,78.8,1348,378,39,46,84.8,30,37,81.1,8,12,66.7,1,0.1,0,0.9,1,6,1,0,7,2,2,100,0.67,0.67
RÃ³-RÃ³,Qatar,32-134,1990,78,108,72.2,1324,355,47,51,92.2,25,31,80.6,5,19,26.3,0,0,0.1,0,0,4,2,0,4,2,0,0,0.69,0
Yuto Nagatomo,Japan,36-097,1986,78,109,71.6,1171,383,51,57,89.5,22,31,71,3,14,21.4,0,0.1,0.1,-0.1,1,7,2,2,2,0,0,0,0,0
Son Heung-min,Korea Republic,30-163,1992,77,115,67,1199,263,41,46,89.1,26,37,70.3,7,21,33.3,1,1,0.7,0,7,1,3,1,3,9,3,33.3,2.25,0.75
Homam Ahmed,Qatar,23-115,1999,77,105,73.3,1196,182,45,52,86.5,24,31,77.4,5,10,50,0,0,0,0,2,1,0,0,2,0,0,0,0,0
Gonzalo Plata,Ecuador,22-047,2000,77,104,74,1138,283,48,51,94.1,21,30,70,5,17,29.4,0,0.2,0.1,-0.2,2,3,1,0,2,2,1,50,0.67,0.33
SebastiÃ¡n Coates,Uruguay,32-072,1990,76,93,81.7,1425,583,33,38,86.8,31,35,88.6,12,18,66.7,0,0,0,0,0,10,0,0,7,1,0,0,0.5,0
Mario PaÅ¡aliÄ‡,Croatia,27-312,1995,76,95,80,1146,343,42,46,91.3,24,29,82.8,6,8,75,0,0.2,0.2,-0.2,1,3,1,1,5,3,0,0,1,0
MatÃ­as Vecino,Uruguay,31-116,1991,76,106,71.7,1189,296,42,54,77.8,23,33,69.7,8,8,100,0,0,0,0,0,8,0,0,9,1,1,100,0.46,0.46
Dylan Bronn,Tunisia,27-182,1995,75,98,76.5,1441,393,20,23,87,47,54,87,8,19,42.1,0,0,0,0,0,4,0,0,5,1,0,0,0.56,0
Abdulelah Al-Amri,Saudi Arabia,25-337,1997,74,104,71.2,1677,951,26,35,74.3,26,33,78.8,22,34,64.7,0,0,0,0,0,13,1,0,11,1,0,0,0.49,0
Takehiro Tomiyasu,Japan,24-043,1998,73,103,70.9,1188,500,36,43,83.7,32,41,78,4,18,22.2,0,0.2,0.1,-0.2,3,6,2,0,4,0,0,0,0,0
Ramin Rezaeian,IR Iran,32-272,1990,73,105,69.5,1240,681,37,40,92.5,25,36,69.4,9,26,34.6,0,0.3,0.5,-0.3,3,2,4,1,5,2,1,50,1,0.5
Ali Abdi,Tunisia,28-363,1993,72,116,62.1,1451,630,25,31,80.6,38,57,66.7,9,22,40.9,0,0,0.1,0,1,4,2,0,6,0,0,0,0,0
Filip KostiÄ‡,Serbia,30-047,1992,72,113,63.7,1170,416,28,34,82.4,30,46,65.2,7,19,36.8,0,0,0.2,0,1,3,2,2,6,1,0,0,0.5,0
Shogo Taniguchi,Japan,31-156,1991,72,85,84.7,1299,480,40,42,95.2,23,27,85.2,9,14,64.3,0,0,0,0,0,10,0,0,2,2,0,0,0.86,0
Abdulaziz Hatem,Qatar,32-051,1990,72,91,79.1,973,231,46,53,86.8,17,22,77.3,4,6,66.7,0,0,0,0,1,3,0,0,1,1,1,100,0.46,0.46
Andrija Å½ivkoviÄ‡,Serbia,26-160,1996,71,96,74,1121,362,31,32,96.9,31,40,77.5,5,17,29.4,2,1.1,0.8,0.9,4,6,3,0,6,1,0,0,0.43,0
Jorge Eduardo SÃ¡nchez,Mexico,25-008,1997,69,87,79.3,1119,484,36,39,92.3,27,37,73,6,8,75,0,0,0,0,0,4,1,0,9,1,1,100,0.51,0.51
Neco Williams,Wales,21-249,2001,69,101,68.3,1178,388,35,39,89.7,26,36,72.2,7,17,41.2,0,0.1,0,-0.1,1,5,0,0,4,3,0,0,1.32,0
Ã“scar Duarte,Costa Rica,33-198,1989,68,98,69.4,1500,529,18,22,81.8,38,45,84.4,11,27,40.7,0,0.3,0,-0.3,2,1,0,0,0,0,0,0,0,0
Vinicius JÃºnior,Brazil,22-159,2000,68,90,75.6,853,146,46,52,88.5,20,28,71.4,1,4,25,2,0.7,0.8,1.3,8,5,3,0,3,9,4,44.4,2.71,1.2
Cristiano Ronaldo,Portugal,37-316,1985,68,90,75.6,789,98,49,55,89.1,13,21,61.9,1,1,100,0,0.1,0.1,-0.1,4,3,1,0,4,10,2,20,3.1,0.62
MiloÅ¡ Degenek,Australia,28-234,1994,67,101,66.3,1236,532,28,33,84.8,33,45,73.3,6,19,31.6,0,0,0,0,0,3,0,0,2,0,0,0,0,0
Bryan Oviedo,Costa Rica,32-303,1990,67,89,75.3,1012,339,37,45,82.2,28,32,87.5,1,3,33.3,0,0,0,0,0,1,1,0,3,0,0,0,0,0
Xherdan Shaqiri,Switzerland,31-069,1991,67,104,64.4,981,337,38,43,88.4,21,30,70,4,17,23.5,1,0.9,1,0.1,4,7,4,0,11,4,2,50,1.57,0.79
Mathew Leckie,Australia,31-317,1991,67,103,65,791,268,43,54,79.6,16,24,66.7,1,4,25,1,0.3,0,0.7,2,8,1,0,7,1,1,100,0.27,0.27
Abdulellah Al-Malki,Saudi Arabia,28-068,1994,66,84,78.6,1057,288,30,32,93.8,31,42,73.8,4,7,57.1,0,0,0,0,0,3,0,0,3,2,0,0,1.03,0
Saeid Ezatolahi,IR Iran,26-078,1996,66,88,75,1382,474,26,30,86.7,25,34,73.5,14,22,63.6,0,0.2,0.4,-0.2,2,7,4,1,4,3,1,33.3,1.24,0.41
Jean-Charles Castelletto,Cameroon,27-326,1995,66,82,80.5,1208,459,34,38,89.5,23,28,82.1,9,16,56.3,1,0.3,0.2,0.7,1,6,1,0,6,1,1,100,0.5,0.5
Baba Rahman,Ghana,28-169,1994,66,100,66,1097,546,38,48,79.2,20,27,74.1,8,18,44.4,0,0.3,0.1,-0.3,3,7,2,1,12,0,0,0,0,0
Hassan Al-Haydos,Qatar,32-007,1990,65,80,81.3,1088,282,33,39,84.6,24,25,96,7,12,58.3,0,0.6,0.5,-0.6,2,5,2,2,6,1,1,100,0.44,0.44
Selim Amallah,Morocco,26-033,1996,65,87,74.7,840,176,42,48,87.5,17,23,73.9,3,9,33.3,0,0.1,0.1,-0.1,3,4,2,0,4,2,0,0,0.44,0
HÃ©ctor Herrera,Mexico,32-243,1990,64,78,82.1,1104,198,28,33,84.8,29,32,90.6,4,7,57.1,0,0.1,0.2,-0.1,1,3,1,1,3,0,0,0,0,0
Harry Kane,England,29-143,1993,62,98,63.3,1027,390,33,43,76.7,24,36,66.7,5,7,71.4,3,1.5,0.7,1.5,5,12,5,1,16,10,5,50,2.24,1.12
Kudus Mohammed,Ghana,22-138,2000,62,87,71.3,1060,233,28,38,73.7,23,27,85.2,9,14,64.3,0,0,0.1,0,0,4,0,0,5,8,4,50,2.91,1.46
Guillermo Varela,Uruguay,29-269,1993,62,92,67.4,1043,465,31,38,81.6,22,33,66.7,7,14,50,0,0.1,0,-0.1,1,3,2,1,6,0,0,0,0,0
Ehsan Hajsafi,IR Iran,32-296,1990,61,98,62.2,1085,442,25,38,65.8,26,30,86.7,6,23,26.1,0,0.2,0.3,-0.2,2,6,1,0,6,1,0,0,0.38,0
Robert Lewandowski,Poland,34-119,1988,61,91,67,859,177,36,47,76.6,20,27,74.1,3,6,50,1,0.4,0.4,0.6,5,9,1,0,6,10,2,20,2.5,0.5
Tajon Buchanan,Canada,23-313,1999,61,89,68.5,806,261,40,47,85.1,18,27,66.7,1,8,12.5,1,0.5,0.5,0.5,4,5,4,2,7,5,0,0,1.73,0
KrÃ©pin Diatta,Senegal,23-296,1999,60,73,82.2,786,241,43,46,93.5,8,15,53.3,4,5,80,0,0.2,0.2,-0.2,3,3,3,1,6,3,1,33.3,1.49,0.5
FerrÃ¡n Torres,Spain,22-292,2000,59,85,69.4,878,123,33,38,86.8,22,29,75.9,1,5,20,0,0.2,0.2,-0.2,1,1,3,0,6,3,1,33.3,1.24,0.41
Junya Ito,Japan,29-284,1993,59,97,60.8,752,288,40,52,76.9,16,22,72.7,1,12,8.3,1,0.2,0.1,0.8,5,2,2,1,5,2,1,50,0.56,0.28
Alidu Seidu,Ghana,22-197,2000,59,78,75.6,791,246,43,47,91.5,12,17,70.6,2,8,25,0,0,0,0,0,3,1,1,1,1,0,0,0.58,0
Mehdi Taremi,IR Iran,30-153,1992,58,78,74.4,956,157,22,29,75.9,26,32,81.3,6,8,75,1,0.7,0.1,0.3,9,8,0,0,4,5,1,20,1.67,0.33
Assim Madibo,Qatar,26-057,1996,58,70,82.9,850,334,32,36,88.9,18,22,81.8,4,5,80,0,0,0,0,1,7,0,0,5,0,0,0,0,0
Craig Goodwin,Australia,31-002,1991,58,95,61.1,955,348,29,37,78.4,17,29,58.6,8,18,44.4,1,0.6,0.3,0.4,5,6,2,0,5,2,1,50,0.77,0.38
Kendall Waston,Costa Rica,34-351,1988,57,71,80.3,1225,437,16,19,84.2,32,35,91.4,8,15,53.3,0,0,0,0,0,1,0,0,0,1,1,100,0.4,0.4
Riley McGree,Australia,24-046,1998,57,75,76,800,191,31,37,83.8,19,25,76,3,5,60,1,0.6,0.3,0.4,4,5,2,1,3,3,1,33.3,1.02,0.34
Thomas MÃ¼ller,Germany,33-096,1989,56,78,71.8,722,184,35,44,79.5,14,19,73.7,2,4,50,0,0.6,0.5,-0.6,8,2,4,1,6,3,0,0,1.34,0
Mikkel Damsgaard,Denmark,22-168,2000,55,72,76.4,833,251,32,40,80,16,21,76.2,4,7,57.1,0,0.3,0.2,-0.3,2,9,3,2,5,0,0,0,0,0
Aleksandar MitroviÄ‡,Serbia,28-093,1994,54,69,78.3,799,106,29,34,85.3,17,22,77.3,3,4,75,0,0.7,0.1,-0.7,2,5,1,0,2,10,3,30,3.44,1.03
Ismaila Sarr,Senegal,24-296,1998,52,81,64.2,659,205,32,36,88.9,11,25,44,4,6,66.7,0,0.4,0.5,-0.4,6,3,6,2,6,10,1,10,2.62,0.26
Youssef Msakni,Tunisia,32-051,1990,50,69,72.5,843,205,23,28,82.1,23,29,79.3,3,6,50,0,0.6,0.6,-0.6,4,4,3,0,6,9,2,22.2,4.79,1.07
Youssef En-Nesyri,Morocco,25-200,1997,50,81,61.7,646,119,26,37,70.3,14,23,60.9,3,6,50,0,0,0,0,1,3,0,0,1,9,3,33.3,1.49,0.5
PrzemysÅ‚aw Frankowski,Poland,27-250,1995,49,74,66.2,729,228,26,33,78.8,18,22,81.8,2,8,25,0,0.2,0.1,-0.2,1,5,2,1,3,1,0,0,0.37,0
Bryan Mbeumo,Cameroon,23-133,1999,49,85,57.6,742,230,36,47,76.6,10,21,47.6,3,11,27.3,0,0.3,0.2,-0.3,5,4,2,0,4,2,2,100,0.77,0.77
Harry Wilson,Wales,25-271,1997,48,64,75,911,225,23,27,85.2,17,21,81,8,13,61.5,0,0.5,0.3,-0.5,3,3,2,1,2,2,0,0,1.13,0
Olivier Giroud,France,36-079,1986,48,74,64.9,637,148,37,50,74,9,18,50,1,2,50,0,0.1,0.3,-0.1,2,4,1,0,5,16,6,37.5,3.44,1.29
Breel Embolo,Switzerland,25-307,1997,46,62,74.2,672,66,22,29,75.9,19,23,82.6,2,3,66.7,0,0.1,0.1,-0.1,2,0,1,0,3,6,3,50,1.67,0.84
Ali Gholizadeh,IR Iran,26-283,1996,46,72,63.9,637,262,30,39,76.9,13,20,65,2,9,22.2,1,0.2,0.7,0.8,2,4,4,1,4,1,0,0,0.45,0
Keysher Fuller,Costa Rica,28-160,1994,44,63,69.8,663,194,21,27,77.8,21,26,80.8,1,7,14.3,0,0.2,0.1,-0.2,1,2,0,0,1,3,2,66.7,1.07,0.71
Milad Mohammadi,IR Iran,29-080,1993,44,68,64.7,674,283,20,21,95.2,19,29,65.5,2,8,25,0,0,0,0,0,1,0,0,2,0,0,0,0,0
Eric Maxim Choupo-Moting,Cameroon,33-270,1989,44,66,66.7,629,135,32,41,78,8,14,57.1,2,4,50,0,0,0.1,0,2,5,1,0,5,3,2,66.7,1.07,0.71
Karl Toko Ekambi,Cameroon,30-095,1992,43,53,81.1,784,115,23,27,85.2,13,13,100,7,10,70,0,0.3,0.4,-0.3,3,3,0,0,0,2,1,50,1.08,0.54
Junior Hoilett,Canada,32-196,1990,43,59,72.9,743,324,23,26,88.5,10,14,71.4,7,13,53.8,0,0.4,0.4,-0.4,4,3,6,3,6,4,0,0,2.24,0
Hirving Lozano,Mexico,27-141,1995,42,77,54.5,641,258,21,28,75,14,22,63.6,4,15,26.7,0,1,0.9,-1,8,1,8,3,7,6,3,50,2.14,1.07
Leon Goretzka,Germany,27-315,1995,42,57,73.7,552,132,24,28,85.7,11,15,73.3,2,4,50,0,0,0.1,0,1,3,0,0,1,4,1,25,2.26,0.57
Firas Al-Buraikan,Saudi Arabia,22-218,2000,42,63,66.7,523,111,30,34,88.2,8,13,61.5,1,1,100,1,0.1,0.1,0.9,1,1,4,0,5,2,0,0,0.67,0
Jonathan David,Canada,22-338,2000,41,60,68.3,599,139,27,33,81.8,9,12,75,4,8,50,0,0,0,0,0,6,0,0,3,8,1,12.5,3.75,0.47
Hassan Al Tambakti,Saudi Arabia,23-312,1999,40,55,72.7,694,326,17,18,94.4,19,24,79.2,3,9,33.3,0,0,0,0,0,1,0,0,3,0,0,0,0,0
Cho Guesung,Korea Republic,24-327,1998,40,63,63.5,603,156,22,33,66.7,14,21,66.7,2,4,50,0,0,0.1,0,1,5,2,0,3,9,5,55.6,2.95,1.64
Enner Valencia,Ecuador,33-044,1989,40,57,70.2,534,70,25,34,73.5,14,14,100,0,1,0,0,0.3,0.2,-0.3,3,2,1,1,1,8,3,37.5,2.82,1.06
Alexis Vega,Mexico,25-023,1997,40,56,71.4,658,208,23,26,88.5,12,18,66.7,4,8,50,0,0.1,0.1,-0.1,1,3,0,0,4,9,2,22.2,4.2,0.93
Richarlison,Brazil,25-222,1997,40,58,69,496,89,25,33,75.8,11,16,68.8,1,2,50,0,1,0.4,-1,6,2,3,0,3,8,4,50,2.23,1.11
Boulaye Dia,Senegal,26-032,1996,39,53,73.6,471,53,27,33,81.8,9,10,90,1,1,100,0,0,0.1,0,1,1,2,0,3,8,3,37.5,2.26,0.85
Jakub KamiÅ„ski,Poland,20-196,2002,37,61,60.7,487,167,24,32,75,11,21,52.4,0,0,,0,0.2,0.4,-0.2,2,1,2,2,1,4,1,25,1.55,0.39
Kieffer Moore,Wales,30-132,1992,36,56,64.3,564,87,17,27,63,15,20,75,2,2,100,0,0.2,0.1,-0.2,4,3,1,0,3,6,2,33.3,2.4,0.8
Jesper LindstrÃ¸m,Denmark,22-292,2000,36,52,69.2,427,99,26,34,76.5,8,11,72.7,0,2,0,0,0,0,0,0,1,2,0,3,3,1,33.3,1.35,0.45
Mitchell Duke,Australia,31-334,1991,36,63,57.1,448,117,23,33,69.7,7,16,43.8,2,4,50,0,0,0,0,1,2,0,0,1,7,4,57.1,2.33,1.33
Ritsu Doan,Japan,24-185,1998,36,56,64.3,625,195,22,28,78.6,7,11,63.6,6,10,60,0,0.2,0.4,-0.2,3,2,2,1,5,4,3,75,1.66,1.24
Ahmad Nourollahi,IR Iran,29-319,1993,35,54,64.8,519,150,16,21,76.2,13,21,61.9,2,6,33.3,0,0,0,0,0,3,0,0,3,5,1,20,2.02,0.4
Darwin NÃºÃ±ez,Uruguay,23-177,1999,35,56,62.5,584,77,18,29,62.1,12,15,80,4,7,57.1,0,0.2,0.1,-0.2,1,0,1,1,1,3,1,33.3,1.13,0.37
Jordan Ayew,Ghana,31-098,1991,35,46,76.1,521,104,19,19,100,11,16,68.8,2,6,33.3,1,0.5,0.4,0.5,3,0,1,1,2,1,1,100,0.66,0.66
Richie Laryea,Canada,27-345,1995,35,47,74.5,586,125,18,22,81.8,11,16,68.8,3,3,100,0,0.5,0.3,-0.5,4,1,1,1,0,2,0,0,1.13,0
Gareth Bale,Wales,33-155,1989,33,53,62.3,545,137,12,17,70.6,13,18,72.2,3,9,33.3,0,0.2,0.2,-0.2,2,2,1,1,4,1,1,100,0.4,0.4
Almoez Ali,Qatar,26-121,1996,33,45,73.3,493,32,17,21,81,10,15,66.7,3,3,100,0,0,0,0,0,0,0,0,0,3,1,33.3,1.21,0.4
Facundo Pellistri,Uruguay,20-363,2001,32,46,69.6,536,103,16,19,84.2,13,19,68.4,2,3,66.7,0,0.2,0.2,-0.2,3,1,1,0,2,1,0,0,0.5,0
AndrÃ© Ayew,Ghana,33-001,1989,30,37,81.1,411,47,18,22,81.8,9,11,81.8,1,1,100,0,0,0,0,0,0,0,0,0,1,1,100,0.45,0.45
Anis Ben Slimane,Tunisia,21-277,2001,29,46,63,469,134,17,22,77.3,10,13,76.9,2,7,28.6,0,0.1,0.1,-0.1,2,1,0,0,0,1,1,100,0.61,0.61
IÃ±aki Williams,Ghana,28-186,1994,29,42,69,355,65,18,24,75,7,9,77.8,1,1,100,0,0.2,0,-0.2,2,0,0,0,1,2,0,0,0.67,0
Saleh Al-Shehri,Saudi Arabia,29-047,1993,29,47,61.7,351,40,15,20,75,7,11,63.6,2,2,100,0,0.1,0,-0.1,2,4,0,0,0,2,2,100,0.81,0.81
Ãlvaro Morata,Spain,30-056,1992,28,41,68.3,551,64,8,10,80,15,23,65.2,4,6,66.7,1,0.2,0.1,0.8,2,3,1,0,3,8,5,62.5,3.89,2.43
Michael Estrada,Ecuador,26-255,1996,28,50,56,480,138,13,22,59.1,11,16,68.8,3,4,75,0,0,0.4,0,1,6,2,0,7,3,0,0,1.2,0
Issam Jebali,Tunisia,30-358,1991,25,35,71.4,338,59,16,18,88.9,7,10,70,1,2,50,0,0.2,0.2,-0.2,2,0,1,1,0,3,1,33.3,1.48,0.49
Randal Kolo Muani,France,24-013,1998,25,44,56.8,325,36,19,28,67.9,6,9,66.7,0,0,,0,0,0,0,0,2,0,0,0,4,2,50,1.98,0.99
Luis SuÃ¡rez,Uruguay,35-328,1987,25,40,62.5,301,97,19,25,76,3,6,50,1,4,25,1,0.1,0.1,0.9,1,2,1,0,2,2,1,50,1.23,0.62
Daniel James,Wales,25-038,1997,24,36,66.7,351,70,16,23,69.6,5,8,62.5,2,3,66.7,0,0,0,0,1,0,1,1,1,0,0,0,0,0
Cyle Larin,Canada,27-245,1995,21,29,72.4,299,109,11,14,78.6,8,8,100,1,1,100,0,0.5,0.3,-0.5,2,4,3,2,4,3,1,33.3,1.97,0.66
Vincent Aboubakar,Cameroon,30-330,1992,20,31,64.5,343,53,9,13,69.2,7,13,53.8,3,3,100,1,0.6,0.3,0.4,2,2,0,0,2,6,3,50,3.8,1.9
Michy Batshuayi,Belgium,29-077,1993,16,24,66.7,223,27,11,16,68.8,1,3,33.3,3,3,100,0,0.1,0,-0.1,1,1,0,0,1,6,2,33.3,3.58,1.19
Henry MartÃ­n,Mexico,30-030,1992,13,20,65,152,14,9,12,75,4,6,66.7,0,0,,0,0.2,0.2,-0.2,5,0,0,0,0,4,2,50,2.47,1.23
Daizen Maeda,Japan,25-059,1997,8,17,47.1,121,10,3,9,33.3,5,8,62.5,0,0,,0,0,0.1,0,0,0,0,0,0,2,1,50,1,0.5
Ismail Mohamad,Qatar,32-257,1990,,,,,,,,,,,,,,,1,,,,,,,,,2,2,100,1.03,1.03
